day_idx,date,week_day,week_idx,dayoff,lecture_topic,lecture_link,hw_topic,hw_link,hw_due_topic,hw_due_link,lab_topic,lab_link,lab_due_topic,lab_due_link,mp_topic,mp_link,mp_due_topic,mp_due_link,quiz_topic,quiz_link,quiz_due_topic,quiz_due_link
1,2024-08-26,Mon,1,0,Welcome and first c++ program. ,https://example.com/lecture1,HW 1.1: Getting Started with C++,https://example.com/homework/1,,,,,,,,,,,,,,
2,2024-08-27,Tue,1,0,,,,,,,,,,,,,,,,,,
3,2024-08-28,Wed,1,0,"Variables, Constants, Casting, Selection",https://example.com/lecture2,HW 1.2: Selection Statements,https://example.com/homework/2,HW 1.1: Getting Started with C++,https://example.com/homework/1,,,,,,,,,,,,
4,2024-08-29,Thu,1,0,,,,,,,,,,,,,,,,,,
5,2024-08-30,Fri,1,0,"Iteration, Vectors 1D",https://example.com/lecture3,,,HW 1.2: Selection Statements,https://example.com/homework/2,Lab 1: Bottle Toss,https://example.com/lab/1,,,,,,,,,,
6,2024-09-02,Mon,2,1,,,,,,,,,,,,,,,,,,
7,2024-09-03,Tue,2,0,,,,,,,,,Lab 1: Bottle Toss,https://example.com/lab/1,,,,,,,,
8,2024-09-04,Wed,2,0,"Functions, Pass-by-reference/Pass-by-value, strings",https://example.com/lecture5,HW 2.1: Functions,https://example.com/homework/4,,,,,,,,,,,,,,
9,2024-09-05,Thu,2,0,,,,,,,,,,,,,,,,,,
10,2024-09-06,Fri,2,0,"2D vectors, maps",https://example.com/lecture6,,,HW 2.1: Functions,https://example.com/homework/4,Lab 2: Connect-4,https://example.com/lab/2,,,MP 1: Word Guess,https://example.com/mp/1,,,,,,
11,2024-09-09,Mon,3,0,"Compilation and command line, make",https://example.com/lecture7,HW 3.1: Compile Commands,https://example.com/homework/5,,,,,,,,,,,,,,
12,2024-09-10,Tue,3,0,,,,,,,,,Lab 2: Connect-4,https://example.com/lab/2,,,,,,,,
13,2024-09-11,Wed,3,0,I/O cin/cout and files,https://example.com/lecture8,HW 3.2: Read and Write,https://example.com/homework/6,HW 3.1: Compile Commands,https://example.com/homework/5,,,,,,,,,,,,
14,2024-09-12,Thu,3,0,,,,,,,,,,,,,,,,,,
15,2024-09-13,Fri,3,0,Testing/errors,https://example.com/lecture9,,,HW 3.2: Read and Write,https://example.com/homework/6,Lab 3: Testing and Bugs,https://example.com/lab/3,,,,,,,,,,
16,2024-09-16,Mon,4,0,Exceptions,https://example.com/lecture10,HW 4.1: Exceptions,https://example.com/homework/7,,,,,,,,,,,,,,
17,2024-09-17,Tue,4,0,,,,,,,,,Lab 3: Testing and Bugs,https://example.com/lab/3,,,,,,,,
18,2024-09-18,Wed,4,0,"Structs and classes
",https://example.com/lecture11,HW 4.2: Classes,https://example.com/homework/8,HW 4.1: Exceptions,https://example.com/homework/7,,,,,,,,,,,,
19,2024-09-19,Thu,4,0,,,,,,,,,,,,,MP 1: Word Guess,https://example.com/mp/1,,,,
20,2024-09-20,Fri,4,0,"Classes, function overloading",https://example.com/lecture12,,,HW 4.2: Classes,https://example.com/homework/8,Lab 4: Social Network,https://example.com/lab/4,,,,,,,,,,
21,2024-09-23,Mon,5,0,Review,https://example.com/lecture13,,,,,,,,,,,,,Exam 1,https://example.com/quiz/1,,
22,2024-09-24,Tue,5,0,,,,,,,,,Lab 4: Social Network,https://example.com/lab/4,,,,,,,,
23,2024-09-25,Wed,5,0,"Git, binary, pointers",https://example.com/lecture14,,,,,,,,,,,,,,,,
24,2024-09-26,Thu,5,0,,,,,,,,,,,,,,,,,Exam 1,https://example.com/quiz/1
25,2024-09-27,Fri,5,0,Exam 1 Debrief,https://example.com/lecture15,,,,,,,,,,,,,,,,
26,2024-09-30,Mon,6,0,Pointers,https://example.com/lecture1,,,,,,,,,,,,,,,,
27,2024-10-01,Tue,6,0,,,,,,,,,,,,,,,,,,
28,2024-10-02,Wed,6,0,Array and Command Line,"https://example.com/lecture1
",,,,,,,,,,,,,,,,
29,2024-10-03,Thu,6,0,,,,,,,,,,,,,,,,,,
30,2024-10-04,Fri,6,0,Dynamic Memory and the stack,"https://example.com/lecture1

",,,,,Lab 5: Array Lab,https://example.com/lab/5,,,,,,,,,,
31,2024-10-07,Mon,7,0,Errors w/Dynamic,https://example.com/lecture1,,,,,,,,,MP 2: second mp,https://example.com/mp/2,,,,,,
32,2024-10-08,Tue,7,0,,,,,,,,,Lab 5: Array Lab,https://example.com/lab/5,,,,,,,,
33,2024-10-09,Wed,7,0,RAII destructors ,https://example.com/lecture1,,,,,,,,,,,,,,,,
34,2024-10-10,Thu,7,0,,,,,,,,,,,,,,,,,,
35,2024-10-11,Fri,7,0,Big Three,https://example.com/lecture1,,,,,Lab 6: Gotta catch em all memory errors or big three practice,https://example.com/lab/5,,,,,,,,,,
36,2024-10-14,Mon,8,0,Big Three,https://example.com/lecture1,,,,,,,,,,,,,,,,
37,2024-10-15,Tue,8,0,,,,,,,,,Lab 6: Gotta catch em all memory errors or big three practice,https://example.com/lab/5,,,,,,,,
38,2024-10-16,Wed,8,0,Templates,https://example.com/lecture1,,,,,,,,,,,,,,,,
39,2024-10-17,Thu,8,0,,,,,,,,,,,,,MP 2: second mp,https://example.com/mp/2,,,,
40,2024-10-18,Fri,8,0,Templates,https://example.com/lecture1,,,,,Lab 7: Office hours queue,https://example.com/lab/5,,,,,,,,,,
41,2024-10-21,Mon,9,0,Linked Lists,https://example.com/lecture1,,,,,,,,,,,,,,,,
42,2024-10-22,Tue,9,0,,,,,,,,,Lab 7: Office hours queue,https://example.com/lab/5,,,,,,,,
43,2024-10-23,Wed,9,0,Linked Lists,https://example.com/lecture1,,,,,,,,,,,,,,,,
44,2024-10-24,Thu,9,0,,,,,,,,,,,,,,,,,Exam 2,https://example.com/quiz/2
45,2024-10-25,Fri,9,0,Recursion,https://example.com/lecture1,,,,,,,,,,,,,,,,
46,2024-10-28,Mon,10,0,Review,https://example.com/lecture1,,,,,,,,,,,,,Exam 2,https://example.com/quiz/2,,
47,2024-10-29,Tue,10,0,,,,,,,,,,,,,,,,,,
48,2024-10-30,Wed,10,0,Exam 2,https://example.com/lecture1,,,,,,,,,,,,,,,,
49,2024-10-31,Thu,10,0,,,,,,,,,,,,,,,,,,
50,2024-11-01,Fri,10,0,Debrief,https://example.com/lecture1,,,,,Lab 8: Bad balance,https://example.com/lab/5,,,,,,,,,,
51,2024-11-04,Mon,11,0,Recursion/Trees,https://example.com/lecture1,,,,,,,,,MP 3: third mp,https://example.com/mp/3,,,,,,
52,2024-11-05,Tue,11,0,,,,,,,,,Lab 8: Bad balance,https://example.com/lab/5,,,,,,,,
53,2024-11-06,Wed,11,0,BST,https://example.com/lecture1,,,,,,,,,,,,,,,,
54,2024-11-07,Thu,11,0,,,,,,,,,,,,,,,,,,
55,2024-11-08,Fri,11,0,BST,https://example.com/lecture1,,,,,Lab 9: Iterators,https://example.com/lab/5,,,,,,,,,,
56,2024-11-11,Mon,12,0,Iterators,https://example.com/lecture1,,,,,,,,,,,,,,,,
57,2024-11-12,Tue,12,0,,,,,,,,,Lab 9: Iterators,https://example.com/lab/5,,,,,,,,
58,2024-11-13,Wed,12,0,Iterators,https://example.com/lecture1,,,,,,,,,,,,,,,,
59,2024-11-14,Thu,12,0,,,,,,,,,,,,,MP 3: third mp,https://example.com/mp/3,,,,
60,2024-11-15,Fri,12,0,Iterators,https://example.com/lecture1,,,,,Lab 10: [Place Holder],https://example.com/lab/5,,,,,,,,,,
61,2024-11-18,Mon,13,0,Inheritance polymorphism,https://example.com/lecture1,,,,,,,,,,,,,,,,
62,2024-11-19,Tue,13,0,,,,,,,,,Lab 10: [Place Holder],https://example.com/lab/5,,,,,,,,
63,2024-11-20,Wed,13,0,Inheritance,https://example.com/lecture1,,,,,,,,,,,,,,,,
64,2024-11-21,Thu,13,0,,,,,,,,,,,,,,,,,,
65,2024-11-22,Fri,13,0,Inheritance,https://example.com/lecture1,,,,,Lab 11: Character Inheritance,https://example.com/lab/5,,,,,,,,,,
66,2024-11-25,Mon,14,1,,,,,,,,,,,,,,,,,,
67,2024-11-26,Tue,14,1,,,,,,,,,Lab 11: Character Inheritance,https://example.com/lab/5,,,,,,,,
68,2024-11-27,Wed,14,1,,,,,,,,,,,,,,,,,,
69,2024-11-28,Thu,14,1,,,,,,,,,,,,,,,,,,
70,2024-11-29,Fri,14,1,,,,,,,,,,,,,,,,,,
71,2024-12-02,Mon,15,0,Review,https://example.com/lecture1,,,,,,,,,,,,,Exam 3,https://example.com/quiz/3,,
72,2024-12-03,Tue,15,0,,,,,,,,,,,,,,,,,,
73,2024-12-04,Wed,15,0,"Exams 3 Functons
",https://example.com/lecture1,,,,,,,,,,,,,,,,
74,2024-12-05,Thu,15,0,,,,,,,,,,,,,,,,,Exam 3,https://example.com/quiz/3
75,2024-12-06,Fri,15,0,Debrief,https://example.com/lecture1,,,,,,,,,,,,,,,,
76,2024-12-09,Mon,16,0,Graphs,https://example.com/lecture1,,,,,,,,,,,,,,,,
77,2024-12-10,Tue,16,0,,,,,,,,,,,,,,,,,,
78,2024-12-11,Wed,16,0,BFS Graphs,https://example.com/lecture1,,,,,,,,,,,,,,,,
79,2024-12-12,Thu,16,0,,,,,,,,,,,,,,,,,,
80,2024-12-13,Fri,16,0,,,,,,,,,,,,,,,,,,
